sample_id,bc_id,carcass_id,lp_amp_cycles,bc_amp_cycles,lp_batch,pool,date_collected,species,sample_type,ct_1,ct_2,ct_3,max_ct,mean_ct,culture_same_sample,culture_pos_carcass,sample_conc,neb_protocol,init_lib_conc,conc_of_lib,new_lib_conc,cap_lib_conc,cap_lib_reamp,polyomics,gc,reads,reads_mapped,frac_mapped_reads,duplicates,frac_duplicates,mean_coverage,sufficient_quality,redo,tayasnotes,letter
AN16-06-T,5,AN16-06,5,12,1,NA,29/04/2017,sheep,tissue ,28,27,27,28,27.3,NA,yes,1.4,Chapter 1,0.472,yes,2.12,0.16,yes,NA,35.14%,506661,400699,0.79,115477,0.23,5.6689,no,yes,NA,T
AN16-06-S,9,AN16-06,5,12,1,NA,29/04/2017,sheep,swab,27,27,28,28,27.3,NA,yes,3.2,Chapter 1,0.507,yes,NR,0.11,yes,no evidence of lib,NA,NA,NA,NA,NA,NA,NA,N/A,NA,NA,S
AN16-06-B,11,AN16-06,5,12,1,NA,29/04/2017,sheep,blood,19,18,20,20,19,yes,yes,3.1,Chapter 1,6.85,yes,14.2,13.2,NA,NA,35.83%,16591056,16276668,0.98,12161927,0.73,222.8031,yes,NA,NA,B
AN16-06-I,38,AN16-06,6,12,2,NA,29/04/2017,sheep,insect,37,35,35,37,35.6,NA,yes,0.55,Chapter 1,8.7,yes,5.92,0.37,yes,NA,35.78%,8077492,3605778,0.45,3166016,0.39,48.5101,yes,NA,NA,I
AN16-120 -S,14,AN16-120 ,5,12,1,NA,23/07/2016,sheep,swab,20,20,20,20,20,NA,yes,2.1,Chapter 1,5.27,yes,14.7,15.7,NA,NA,35.13%,9591405,9462513,0.99,5936684,0.62,124.1258,yes,NA,got mixed together with 16,S
AN16-130-T,16,AN16-130,5,12,1,NA,17/10/2016,sheep,tissue,22.5,23,24,24,23,NA,NA,2.62,Chapter 1,8.98,yes,20.2,2.7,NA,NA,36.42%,6759537,6378605,0.94,3447693,0.51,85.7935,yes,NA,got mixed together with 14,T
AN16-130-S,21,AN16-130,5,12,1,NA,17/10/2016,sheep,swab,35,35,35,35,35,NA,NA,2.5,Chapter 1,14.6,NA,NA,0.28,yes,NA,40.50%,1917616,177765,0.09,91074,0.05,1.9672,no,no,NA,S
AN16-132-T,10,AN16-132,5,12,1,NA,21/03/2017,cow,tissue ,21,20,22,22,21,NA,yes,1.1,Chapter 1,0.211,yes,NR,NA,yes,no evidence of lib,NA,NA,NA,NA,NA,NA,NA,N/A,NA,NA,T
AN16-132-I,41,AN16-132,6,12,2,NA,21/03/2017,cow,insect,26,26,26,26,26,NA,NA,4.25,Chapter 1,41.4,NA,NA,3.06,yes,NA,36.25%,6613045,3076320,0.47,1333374,0.2,41.4812,yes,NA,NA,I
AN16-135-2-T,1,AN16-135-2,5,12,1,NA,20/10/2016,unknown,tissue,19,19,18,19,18.6,NA,yes,13,Chapter 1,18.3,NA,NA,4,NA,NA,35.56%,12051078,10827103,0.9,7072141,0.59,153.3439,yes,NA,NA,T
AN16-14-S,4,AN16-14,5,12,1,NA,16/09/2016,cow,swab,21,22,22,22,21.6,yes,yes,3.2,Chapter 1,5.44,yes,14.1,4.8,NA,NA,35.66%,12641387,12440102,0.98,8705408,0.69,177.2271,yes,NA,NA,S
AN16-144-S,43,AN16-144,6,12,2,NA,18/10/2016,sheep,swab,24,25,26,26,25,NA,NA,2.72,Chapter 1,35,NA,NA,2.98,yes,NA,35.89%,5512223,5079399,0.92,2370391,0.43,70.4527,yes,NA,NA,S
AN16-145-B,1,AN16-145,6,15,3,1,19/10/2016,sheep,blood,25,23,24,25,24,NA,NA,1,Chapter 1,12,NA,NA,66,NA,NA,35.81%,14521439,14378453,0.99,10286259,0.71,203.1211,yes,NA,NA,B
AN16-145-S,3,AN16-145,6,15,3,1,19/10/2016,sheep,swab,20,19,22,22,20.3,NA,NA,3.5,Chapter 1,37,NA,NA,66,NA,NA,35.91%,30552317,29570728,0.97,25101501,0.82,391.7289,yes,NA,NA,S
AN16-149-1-T,17,AN16-149-1,5,12,1,NA,21/10/2016,cow,tissue,0,37,0,37,NA,NA,poor qual,0.46,Chapter 1,3.81,yes,11.9,9.8,NA,no reads,NA,NA,NA,NA,NA,NA,NA,no,no,NA,T
AN16-149-2-T,12,AN16-149-2,5,12,1,NA,21/10/2016,cow,tissue,26,25,26,26,25.6,NA,NA,23.1,Chapter 1,15.5,NA,NA,15.9,NA,NA,35.73%,24239072,24096093,0.99,19665964,0.81,336.3496,yes,NA,NA,T
AN16-150-T,15,AN16-150,5,12,1,NA,21/10/2016,cow,tissue,35,34,35,35,34.6,NA,NA,1.51,Chapter 1,7.84,yes,17.5,0.68,yes,NA,38.91%,4185796,114627,0.03,35861,0.01,1.3752,no,no,got mixed together with 13,T
AN16-150-B,20,AN16-150,5,12,1,NA,21/10/2016,cow,blood,31,29,30,31,30,NA,NA,1.51,Chapter 1,6.12,yes,13.9,0.78,yes,NA,35.73%,5584518,3076200,0.55,1152702,0.21,43.5224,yes,NA,NA,B
AN16-152R-T,19,AN16-152R,5,12,1,NA,25/11/2016,sheep,tissue,23,26,26,26,25,NA,NA,11.8,Chapter 1,14.1,NA,NA,0.68,yes,NA,35.92%,5153208,3308283,0.64,1305182,0.25,45.1807,yes,NA,NA,T
AN16-152R-S,22,AN16-152R,5,12,1,NA,25/11/2016,sheep,swab,27,26,30,30,27.6,NA,NA,3.03,Chapter 1,8.04,yes,19.4,1.76,yes,NA,35.14%,4976661,3344466,0.67,1260640,0.25,45.1192,yes,NA,NA,S
AN16-165-B,7,AN16-165,5,12,1,NA,26/01/2017,sheep,blood,33,33,35,35,33.7,NA,yes,1.5,Chapter 1,3.26,yes,5.26,0.2,yes,NA,46.46%,1122920,178756,0.16,163148,0.15,1.7086,no,no,NA,B
AN16-165-S,13,AN16-165,5,12,1,NA,26/01/2017,sheep,swab,20,20,20,20,20,yes,yes,1,Chapter 1,4.24,yes,9.94,8.6,NA,extra reads?,35.53%,31802124,31471536,0.99,26928620,0.85,409.824,yes,NA,got mixed together with 15,S
AN16-171-S,48,AN16-171,6,12,2,NA,14/12/2016,sheep,swab,30,30,30,30,30,NA,NA,2,Chapter 1,8.14,yes,3.6,0.36,yes,NA,38.68%,1087020,36524,0.03,11906,0.01,0.4686,no,maybe?,labeled as T accidentally,S
AN16-174-T,37,AN16-174,6,12,2,NA,14/12/2016,zebra,tissue,21,20,21,21,20.6,NA,NA,25.4,Chapter 1,63.2,NA,NA,2.9,NA,NA,35.56%,6712265,5628361,0.84,2783590,0.41,79.7885,yes,NA,got mixed together with 34?,T
AN16-175-T,4,AN16-175,6,15,3,1,30/04/2017,sheep,tissue ,23,23,22,23,22.6,NA,NA,4.5,Chapter 1,63,NA,NA,66,NA,NA,36.04%,518614,307673,0.59,23869,0.05,4.1122,no,maybe?,NA,T
AN16-79-T,4A22,AN16-79,6,NA,4,NA,04/09/2016,sheep,tissue,24,25,26,26,25,NA,NA,8.3,NA,2.17,NA,NA,NA,NA,NA,NA,NA,NA,NA,NA,NA,NA,NA,NA,NA,T
AN16-90-S,42,AN16-90,6,12,2,NA,17/10/2016,sheep,swab,29,30,31,31,30,NA,NA,2.15,Chapter 1,43.6,NA,NA,0.77,yes,NA,36.12%,3442235,1211461,0.35,331990,0.1,16.8083,maybe,maybe?,NA,S
AN17-01-A-T,6,AN17-01-A,5,12,1,NA,30/04/2017,goat,tissue ,24,23,24,24,23.6,yes,yes,4,Chapter 1,5.51,yes,17,2.28,yes,NA,35.61%,6239250,5338555,0.86,2619136,0.42,76.1586,yes,NA,NA,T
AN17-01-A-B,18,AN17-01-A,5,12,1,NA,30/04/2017,goat,blood,18,18,19,19,18.3,yes,yes,1.4,Chapter 1,5.6,yes,15.1,1.27,yes,NA,36.03%,4859084,542206,0.11,73909,0.02,7.5349,no,yes,NA,B
AN17-18-B,8,AN17-18,5,12,1,NA,20/02/2017,donkey,blood,27,26,28,28,27,NA,yes,1.3,Chapter 1,5.15,yes,12.9,2.04,yes,NA,35.77%,7233271,5670006,0.78,2836517,0.39,78.7603,yes,NA,NA,B
AN17-182-T,4A7,AN17-182,6,NA,4,NA,19/08/2017,goat,tissue,22,21,22,22,21.6,NA,NA,21.1,NA,1.67,NA,NA,NA,NA,NA,NA,NA,NA,NA,NA,NA,NA,NA,NA,NA,T
AN17-183-T,4A13,AN17-183,6,14,4,NA,19/08/2017,sheep,tissue,24,24,25,25,24.6,NA,NA,22.9,Chapter 2,6.48,NA,NA,0.45,NA,NA,36.11%,3672220,1339442,0.36,304398,0.21,18.1968,maybe,NA,NA,T
AN17-184-T,4A10,AN17-184,6,NA,4,NA,19/08/2017,goat,tissue,25,24,25,25,24.3,NA,NA,53.5,NA,0.48,NA,NA,NA,NA,NA,NA,NA,NA,NA,NA,NA,NA,NA,NA,NA,T
AN17-184-T,4B32,AN17-184,7,NA,4,NA,19/08/2017,goat,tissue,25,24,25,25,24.3,NA,NA,53.5,NA,0.38,NA,NA,NA,NA,NA,NA,NA,NA,NA,NA,NA,NA,NA,NA,NA,T
AN17-186-T,4A9,AN17-186,6,14,4,NA,20/08/2017,sheep,tissue,24,23,25,25,24,NA,NA,40,Chapter 2,8.4,NA,NA,0.57,NA,NA,36.12%,4518945,3379102,0.75,1215289,0.37,47.3999,yes,NA,NA,T
AN17-187-T,4A14,AN17-187,6,14,4,NA,20/08/2017,sheep,tissue,24,23,24,24,23.6,NA,NA,17.2,Chapter 2,20.2,NA,NA,0.91,NA,NA,35.42%,8207201,6238908,0.76,3216738,0.53,83.5617,yes,NA,NA,T
AN17-189-T,4A16,AN17-189,6,14,4,NA,21/08/2017,sheep,tissue,23,24,25,25,24,NA,NA,21.5,Chapter 2,16.7,NA,NA,0.74,NA,NA,35.76%,6278605,3815619,0.61,1489348,0.4,52.3618,yes,NA,NA,T
AN17-190-T,4A18,AN17-190,6,14,4,NA,21/08/2017,sheep,tissue,19,19,19,19,19,NA,KCRI,36.4,Chapter 2,22.1,NA,NA,1.54,NA,NA,35.62%,8219824,7478501,0.91,4154441,0.58,102.5776,yes,NA,NA,T
AN17-191-T,4A1,AN17-191,6,14,4,NA,21/08/2017,sheep,tissue,24,24,25,25,24.3,NA,NA,51,Chapter 2,8.26,NA,NA,0.48,NA,NA,36.38%,3709420,1630167,0.44,374496,0.23,22.0258,maybe,NA,NA,T
AN17-194-T,4A8,AN17-194,6,14,4,NA,22/08/2017,sheep,tissue,24,22,23,24,23,NA,NA,24.1,Chapter 2,7.29,NA,NA,0.58,NA,NA,36.62%,6724161,4609947,0.69,2285497,0.46,64.4429,yes,NA,NA,T
AN17-196-T,4A12,AN17-196,6,14,4,NA,22/08/2017,sheep,tissue,25,25,27,27,25.6,NA,NA,9.08,Chapter 2,10.5,NA,NA,0.53,NA,NA,35.37%,5188761,2955738,0.57,1117821,0.35,36.6227,yes,NA,NA,T
AN17-197-T,4A20,AN17-197,6,14,4,NA,22/08/2017,sheep,tissue,21,21,23,23,21.6,NA,KCRI,7.03,Chapter 2,8.43,NA,NA,0.89,NA,NA,35.56%,6335285,5601169,0.88,2753741,0.43,74.2377,yes,NA,NA,T
AN17-20-S,44,AN17-20,6,12,2,NA,23/02/2017,sheep,swab,28,27,26,28,27,NA,NA,2.13,Chapter 1,24.2,NA,NA,1.54,yes,NA,36.21%,3630505,2099675,0.58,662984,0.18,29.4719,maybe,NA,NA,S
AN17-200-T,4A19,AN17-200,6,14,4,NA,23/08/2017,sheep,tissue,20,20,20,20,20,NA,KCRI,23,Chapter 2,15.8,NA,NA,1.75,NA,NA,35.71%,9098994,8541244,0.94,5079096,0.56,114.6993,yes,NA,NA,T
AN17-211-T,4A4,AN17-211,6,NA,4,NA,24/08/2017,sheep,tissue,20,20,20,20,20,NA,NA,15.3,NA,0.15,NA,NA,NA,NA,NA,NA,NA,NA,NA,NA,NA,NA,NA,NA,NA,T
AN17-212-S,4B3,AN17-212,7,14,5,2,24/08/2017,sheep,swab,27,24,26,27,25.6,NA,NA,5.3,Chapter 1,29,NA,NA,1.92,NA,NA,36.45%,7091578,4847264,0.68,2241657,0.47,65.4371,yes,NA,NA,S
AN17-216-B,4B2,AN17-216,7,NA,4,NA,25/08/2017,sheep,blood,23,23,24,24,23.3,NA,NA,13.4,NA,0.52,NA,NA,NA,NA,NA,NA,NA,NA,NA,NA,NA,NA,NA,NA,NA,B
AN17-217-T,4A6,AN17-217,6,NA,4,NA,26/08/2017,sheep,tissue,25,23,23,25,23.6,NA,NA,26.2,NA,1.08,NA,NA,NA,NA,NA,NA,NA,NA,NA,NA,NA,NA,NA,NA,NA,T
AN17-218-T,4A15,AN17-218,6,NA,4,NA,26/08/2017,sheep,tissue,24,24,25,25,24.3,NA,NA,40.3,NA,0.17,NA,NA,NA,NA,NA,NA,NA,NA,NA,NA,NA,NA,NA,NA,NA,T
AN17-219-T,4A3,AN17-219,6,14,4,NA,26/08/2017,sheep,tissue,25,24,25,25,24.6,NA,NA,13.9,Chapter 2,9.8,NA,NA,0.63,NA,NA,35.54%,6339110,4344218,0.69,1906735,0.43,57.0832,yes,NA,NA,T
AN17-22-S,45,AN17-22,6,12,2,NA,23/02/2017,sheep,swab,35,33,36,36,34.6,NA,NA,3.19,Chapter 1,29.4,NA,NA,2.7,yes,NA,42.89%,737434,19493,0.03,8690,0.01,0.1902,no,no,NA,S
AN17-222-T,4A2,AN17-222,6,NA,4,NA,26/08/2017,sheep,tissue,25,24,24,25,24.3,NA,NA,13.3,NA,0.16,NA,NA,NA,NA,NA,NA,NA,NA,NA,NA,NA,NA,NA,NA,NA,T
AN17-223-T,4A11,AN17-223,6,14,4,NA,26/08/2017,sheep,tissue,22,22,22,22,22,NA,NA,13.1,Chapter 2,8.87,NA,NA,0.75,NA,NA,35.22%,6963198,6001157,0.86,3075828,0.51,78.5351,yes,NA,NA,T
AN17-224-T,4A5,AN17-224,6,NA,4,NA,26/08/2017,sheep,tissue,25,23,25,25,23.6,NA,NA,39.4,NA,0.77,NA,NA,NA,NA,NA,NA,NA,NA,NA,NA,NA,NA,NA,NA,NA,T
AN17-224-T,4B31,AN17-224,7,NA,4,NA,26/08/2017,sheep,tissue,25,23,25,25,23.6,NA,NA,39.4,NA,6.24,NA,NA,NA,NA,NA,NA,NA,NA,NA,NA,NA,NA,NA,NA,NA,T
AN17-225-T,4A17,AN17-225,6,14,4,NA,26/08/2017,sheep,tissue,22,23,24,24,23,NA,NA,9.44,Chapter 2,15.9,NA,NA,1.34,NA,NA,35.50%,4457615,4136933,0.93,1670903,0.42,56.4373,yes,NA,NA,T
AN17-228-S,4B1,AN17-228,7,14,5,1,27/08/2017,sheep,swab,28,25,26,28,26.3,NA,NA,4.24,Chapter 1,30.2,NA,NA,1.88,NA,NA,36.72%,3887088,1149383,0.3,280627,0.2,14.539,maybe,NA,NA,S
AN17-26-B,23,AN17-26,5,12,1,NA,27/04/2017,sheep,blood,28,27,28,28,27.6,NA,NA,1.43,Chapter 1,11.8,yes,21.8,2.26,yes,NA,35.77%,5627837,4268497,0.76,1810694,0.32,59.3068,yes,NA,NA,B
AN17-26-S,24,AN17-26,5,12,1,NA,27/04/2017,sheep,swab,30,30,30,30,30,NA,NA,10.6,Chapter 1,13.2,yes,25.8,1.14,yes,NA,38.44%,4726916,184378,0.04,45761,0.01,2.246,no,maybe?,NA,S
AN17-269-T,4B27,AN17-269,7,14,5,1,14/11/2017,sheep,tissue,22,22,23,23,22.3,NA,NA,29.5,Chapter 1,40.4,NA,NA,1.88,NA,NA,36.14%,6777714,2899634,0.43,968677,0.34,40.9884,yes,NA,NA,T
AN17-27-A-T,5,AN17-27-A,6,15,3,2,28/04/2017,sheep,tissue ,20,20,20,20,20,NA,NA,6.2,Chapter 1,23,NA,NA,36,NA,NA,37.09%,8523275,8063884,0.95,4949653,0.58,112.2551,maybe,NA,NA,T
AN17-27-A-S,7,AN17-27-A,6,15,3,2,28/04/2017,sheep,swab,24,24,25,25,24.3,NA,NA,1.5,Chapter 1,30,NA,NA,36,NA,NA,36.42%,1266744,693948,0.55,93795,0.07,9.4919,no,maybe?,NA,S
AN17-271-T,4B25,AN17-271,7,14,5,4,15/11/2017,cow,tissue,24,23,25,25,24,NA,NA,4.95,Chapter 1,39.8,NA,NA,1.51,NA,NA,36.40%,18203893,11717397,0.64,7899367,0.72,166.5728,yes,NA,NA,T
AN17-277-T,4B29,AN17-277,7,14,5,8,16/11/2017,sheep,tissue,23,25,25,25,24.3,NA,NA,14.6,Chapter 1,36.4,NA,NA,1.44,NA,NA,36.08%,8210699,1278792,0.16,229180,0.18,18.1046,maybe,NA,NA,T
AN17-33-T,8,AN17-33,6,NA,3,NA,20/02/2017,sheep,tissue,19,18,19,19,18.6,NA,NA,1,NA,NA,NA,NA,NA,NA,NA,NA,NA,NA,NA,NA,NA,NA,NA,NA,NA,T
AN17-330-S,26,AN17-330,6,12,2,NA,04/12/2017,wildebeest,swab,34,34,34,34,34,NA,NA,5.3,Chapter 1,48.4,NA,NA,0.39,yes,NA,41.06%,2248054,37646,0.02,17559,0.01,0.3979,no,no,NA,S
AN17-338-S,25,AN17-338,6,12,2,NA,18/12/2017,wildebeest,swab,25,24,26,26,25,NA,NA,0.71,Chapter 1,10.5,yes,6.46,3.02,yes,NA,35.88%,6287649,5642310,0.9,2754748,0.44,80.2204,yes,NA,NA,S
AN17-381-T,4B14,AN17-381,7,14,5,9,17/11/2017,sheep,tissue,27,27,28,28,27.3,NA,NA,23.7,Chapter 1,52,NA,NA,1.29,NA,NA,36.63%,5757315,144244,0.03,16818,0.09,1.7274,no,NA,NA,T
AN17-384-S,4B20,AN17-384,7,14,5,5,20/11/2017,sheep,swab,26,26,27,27,26.3,NA,NA,3.22,Chapter 1,30.2,NA,NA,1.41,NA,NA,36.01%,5248934,2776524,0.53,900564,0.32,37.4721,yes,NA,NA,S
AN17-387-S,4B21,AN17-387,7,14,5,4,21/11/2017,sheep,swab,25,25,25,25,25,NA,NA,4.73,Chapter 1,33.3,NA,NA,1.51,NA,NA,36.02%,4373446,1614623,0.37,444302,0.25,20.0087,maybe,NA,NA,S
AN17-389-S,4B19,AN17-389,6,NA,4,NA,23/11/2017,sheep,swab,18,17,18,18,17.6,NA,NA,4.22,NA,0.23,NA,NA,NA,NA,NA,NA,NA,NA,NA,NA,NA,NA,NA,NA,NA,S
AN17-394-T,4B28,AN17-394,7,14,5,7,24/11/2017,sheep,tissue,25,26,26,26,25.6,NA,NA,3.63,Chapter 1,40.7,NA,NA,1.41,NA,NA,36.07%,6689621,2615765,0.39,788648,0.31,37.2055,yes,NA,NA,T
AN17-398-S,4B22,AN17-398,7,14,5,9,25/11/2017,sheep,swab,24,24,25,25,24.3,NA,NA,4.49,Chapter 1,23.7,NA,NA,1.29,NA,NA,36.28%,11005487,8846673,0.8,5373069,0.64,122.4431,yes,NA,NA,S
AN17-399-T,4B16,AN17-399,7,14,5,2,25/11/2017,sheep,tissue,19,19,20,20,19.3,NA,NA,11.6,Chapter 1,41.2,NA,NA,1.92,NA,NA,37.32%,14275029,10272499,0.72,6846477,0.67,144.067,maybe,NA,NA,T
AN17-400-S,4B18,AN17-400,7,14,5,8,24/11/2017,sheep,swab,25,25,26,26,25.3,NA,NA,11.1,Chapter 1,38.8,NA,NA,1.44,NA,NA,37.17%,7733383,1042232,0.13,269235,0.19,12.7897,maybe,NA,NA,S
AN17-42-T,6,AN17-42,6,15,3,2,26/02/2017,sheep,tissue ,25,25,21,25,23.6,NA,NA,5.2,Chapter 1,58,NA,NA,36,NA,NA,34.88%,21957714,21613190,0.98,17462029,0.8,266.7936,maybe,NA,NA,T
AN17-45-S,4A23,AN17-45,6,NA,4,NA,24/07/2017,sheep,swab,27,26,29,29,27.3,NA,NA,3.62,NA,1.65,NA,NA,NA,NA,NA,NA,NA,NA,NA,NA,NA,NA,NA,NA,NA,S
AN17-47-S,4A24,AN17-47,6,14,4,NA,25/07/2017,sheep,swab,25,24,26,26,25,NA,NA,8.53,Chapter 2,6.26,NA,NA,0.39,NA,NA,35.56%,1977312,1327521,0.67,267807,0.2,17.6369,maybe,NA,NA,S
AN17-91-T,4A21,AN17-91,6,NA,4,NA,04/07/2017,goat,tissue,22,21,21,22,21.3,NA,KCRI,47.2,NA,3.56,NA,NA,NA,NA,NA,NA,NA,NA,NA,NA,NA,NA,NA,NA,NA,T
AN18-404-T,4B11,AN18-404,7,14,5,3,19/01/2018,sheep,tissue,23,23,24,24,23.3,NA,NA,32.3,Chapter 1,48,NA,NA,2.97,NA,NA,36.67%,3059194,569288,0.19,71799,0.12,7.5118,no,NA,NA,T
AN18-405-T,4B9,AN18-405,7,14,5,3,20/01/2018,sheep,tissue,19,19,20,20,19.3,NA,NA,44.2,Chapter 1,52,NA,NA,2.97,NA,NA,36.44%,11407722,8922834,0.78,5496132,0.64,117.6333,yes,NA,NA,T
AN18-408-S,30,AN18-408,6,12,2,NA,22/01/2018,wildebeest,swab,32,32,33,33,32.3,NA,NA,3.64,Chapter 1,49.4,NA,NA,0.36,yes,NA,38.33%,2924962,211025,0.07,86528,0.03,2.5243,no,no,NA,S
AN18-409-T,4B10,AN18-409,7,14,5,2,22/01/2018,sheep,tissue,23,23,24,24,23.3,NA,NA,29.6,Chapter 1,49.5,NA,NA,1.92,NA,NA,36.78%,4373325,984698,0.23,181663,0.18,13.4188,maybe,NA,NA,T
AN18-410-T,27,AN18-410,6,12,2,NA,22/01/2018,wildebeest,tissue,28,27,28,28,27.6,NA,NA,1.4,Chapter 1,26.2,NA,NA,0.89,yes,NA,35.69%,6707865,4052094,0.6,1803122,0.27,56.5507,yes,NA,NA,T
AN18-410-S,28,AN18-410,6,12,2,NA,22/01/2018,wildebeest,swab,23,24,24,24,23.6,NA,NA,17.5,Chapter 1,56.8,NA,NA,2.12,yes,NA,35.32%,5960855,4240947,0.71,1921042,0.32,59.7887,yes,NA,NA,S
AN18-415-B,35,AN18-415,6,12,2,NA,23/01/2018,zebra,blood,29,29,30,30,29.6,NA,NA,1,Chapter 1,33.8,NA,NA,1.05,yes,NA,36.03%,4355617,1478006,0.34,477483,0.11,20.5073,maybe,maybe?,NA,B
AN18-415-S,36,AN18-415,6,12,2,NA,23/01/2018,zebra,swab,27,27,27,27,27,NA,NA,1,Chapter 1,21.6,NA,NA,2.38,yes,NA,35.27%,5463362,4968214,0.91,2409364,0.44,70.8379,yes,NA,NA,S
AN18-416-S,33,AN18-416,6,12,2,NA,24/01/2018,zebra,swab,26,26,26,26,26,NA,NA,2.2,Chapter 1,34.2,NA,NA,1.77,yes,NA,35.87%,5535535,3958251,0.72,1664209,0.3,56.2948,yes,NA,NA,S
AN18-416-T,34,AN18-416,6,12,2,NA,24/01/2018,zebra,tissue,28,26,27,28,27,NA,NA,7.8,Chapter 1,36.2,NA,NA,1.28,yes,NA,35.53%,4221522,1273635,0.3,331511,0.08,17.9044,maybe,maybe?,got mixed together with 37?,T
AN18-417-S,32,AN18-417,6,12,2,NA,24/01/2018,wildebeest,swab,24,25,27,27,25.3,NA,NA,2.3,Chapter 1,29,NA,NA,2.32,yes,NA,35.50%,1177624,1077984,0.92,232829,0.2,14.9916,maybe,maybe?,NA,S
AN18-418-T,29,AN18-418,6,12,2,NA,24/01/2018,wildebeest,tissue,21,22,21,22,21.3,NA,NA,36.7,Chapter 1,93.2,NA,NA,3.28,yes,NA,35.67%,4857853,2698780,0.56,853455,0.18,38.5214,yes,NA,NA,T
AN18-419-T,31,AN18-419,6,12,2,NA,25/01/2018,wildebeest,tissue,19,19,20,20,19.3,NA,NA,24.5,Chapter 1,50.8,NA,NA,3.2,NA,NA,35.67%,6738371,6286138,0.93,3236387,0.48,89.3653,yes,NA,NA,T
AN18-420-T,4B12,AN18-420,7,14,5,7,25/01/2018,sheep,tissue,25,24,24,25,24.3,NA,NA,40.6,Chapter 1,45.6,NA,NA,1.41,NA,NA,36.52%,7592899,1213676,0.16,241507,0.18,16.136,maybe,NA,NA,T
AN18-421-T,4B5,AN18-421,7,14,5,6,25/01/2018,sheep,tissue,22,22,23,23,22.3,NA,NA,19.8,Chapter 1,42.8,NA,NA,3.24,NA,NA,36.62%,4013872,1305618,0.33,307845,0.22,16.3428,maybe,NA,NA,T
AN18-423-T,4B26,AN18-423,7,14,5,5,13/02/2018,sheep,tissue,25,24,25,25,24.6,NA,NA,11.9,Chapter 1,39.6,NA,NA,1.41,NA,NA,36.33%,12391487,3795790,0.31,1531419,0.41,53.6837,yes,NA,NA,T
AN18-427-S,4B24,AN18-427,7,14,5,7,14/02/2018,goat ,swab,27,28,28,28,27.6,NA,NA,2.65,Chapter 1,29.2,NA,NA,1.41,NA,NA,35.90%,2908862,999641,0.34,183592,0.17,13.2394,maybe,NA,NA,S
AN18-428-T,4B17,AN18-428,7,14,5,9,15/02/2018,cow,tissue,24,24,25,25,24.3,NA,NA,21.7,Chapter 1,48.9,NA,NA,1.29,NA,NA,36.18%,6423745,1634951,0.25,404916,0.24,21.2253,maybe,NA,NA,T
AN18-431-T,4B8,AN18-431,7,14,5,3,19/02/2018,sheep,tissue,23,24,24,24,23.6,NA,NA,17,Chapter 1,46.4,NA,NA,2.97,NA,NA,36.67%,3559179,2809932,0.79,933314,0.33,38.7884,yes,NA,NA,T
AN18-432-T,4B13,AN18-432,7,14,5,5,19/02/2018,goat,tissue,27,26,27,27,26.6,NA,NA,21.9,Chapter 1,48.2,NA,NA,1.41,NA,NA,38.45%,4916516,1011559,0.21,412492,0.16,11.9104,maybe,NA,NA,T
AN18-433-T,4B15,AN18-433,7,14,5,3,20/02/2018,sheep,tissue,21,20,23,23,21.3,NA,NA,4.46,Chapter 1,45.2,NA,NA,2.97,NA,NA,36.33%,18912041,16471494,0.87,12394648,0.78,215.1671,yes,NA,NA,T
AN18-434-T,4B4,AN18-434,7,14,5,8,20/02/2018,sheep,tissue,22,22,23,23,22.3,NA,NA,31.2,Chapter 1,32.3,NA,NA,1.44,NA,NA,36.86%,7646495,2150206,0.28,647411,0.29,28.1162,maybe,NA,NA,T
AN18-436-T,4B7,AN18-436,7,14,5,4,21/02/2018,sheep,tissue,26,27,27,27,26.6,NA,NA,13.7,Chapter 1,41.7,NA,NA,1.51,NA,NA,36.38%,4968108,141086,0.03,16212,0.09,1.6796,no,NA,NA,T
AN18-437-S,4B23,AN18-437,7,14,5,6,21/02/2018,goat ,swab,22,21,22,22,21.6,NA,NA,2.4,Chapter 1,31.2,NA,NA,3.24,NA,NA,35.72%,21984025,20704568,0.94,16316792,0.85,283.2001,yes,NA,NA,S
AN18-438-T,4B30,AN18-438,7,14,5,1,21/02/2018,sheep,tissue,24,24,24,24,24,NA,NA,2.79,Chapter 1,40.4,NA,NA,1.88,NA,NA,35.98%,11603137,8840588,0.76,5282456,0.64,126.1198,yes,NA,NA,T
AN18-440-T,4B6,AN18-440,7,14,5,6,22/02/2018,sheep,tissue,25,25,27,27,25.6,NA,NA,13.5,Chapter 1,39.1,NA,NA,3.24,NA,NA,35.78%,2060573,289689,0.14,21511,0.07,3.7619,no,NA,NA,T
AN18-447-S,39,AN18-447,6,12,2,NA,18/05/2018,zebra,swab,0,23,24,24,23.5,NA,NA,6.9,Chapter 1,73.6,NA,NA,4.2,NA,NA,35.15%,13039740,12413144,0.95,8588272,0.66,176.704,yes,NA,NA,S
AN18-447-B,40,AN18-447,6,12,2,NA,18/05/2018,zebra,blood,24,23,24,24,23.6,NA,NA,1.5,Chapter 1,52,NA,NA,8.3,NA,NA,35.16%,18626048,18070854,0.97,14014760,0.75,258.176,yes,NA,NA,B
ANTH2-T,46,ANTH 2,6,12,2,NA,23/11/2016,cow,tissue,21,21,23,23,21.6,NA,NA,1.93,Chapter 1,61.8,NA,NA,14.2,NA,NA,35.47%,19362746,19094533,0.99,14698839,0.76,271.6437,yes,NA,NA,T
ANTH4-T,47,ANTH 4,6,12,2,NA,23/11/2016,cow,tissue,24,25,25,25,24.6,NA,NA,2.58,Chapter 1,35,NA,NA,2.3,NA,NA,35.47%,6240987,5125399,0.82,2403871,0.39,72.2288,yes,NA,NA,T
LNA-1S-T,2,LNA-1 ,5,12,1,NA,07/10/2016,sheep,tissue,32,35,35,35,34,yes,yes,15,Chapter 1,0.497,yes,2.44,0.3,yes,NA,34.20%,1671625,1329366,0.8,502668,0.3,18.3538,maybe,maybe?,NA,T
LNA-2-T,3,LNA-2 ,5,12,1,NA,07/10/2016,goat,tissue,21,20,22,22,21,yes,yes,5.7,Chapter 1,0.134,yes,NR,0.18,yes,no evidence of lib,NA,NA,NA,NA,NA,NA,NA,N/A,NA,NA,T
MNA-S-T,trial,MNA-S,7,12,trial,NA,?-?-2016,unknown,tissue,19,20,20,20,19.7,NA,NA,3,NA,31.6,NA,NA,13.6,NA,NA,NA,NA,NA,NA,NA,NA,NA,yes,NA,NA,T
NOB-T,2,NOB,6,NA,3,NA,27/09/2016,sheep,tissue,20,20,21,21,20.3,NA,NA,0.3,NA,NA,NA,NA,NA,NA,NA,NA,NA,NA,NA,NA,NA,NA,NA,NA,NA,T